{
  "version": "1.0.0",
  "timestamp": "2025-12-06T18:47:28.713Z",
  "totalEndpoints": 52,
  "endpoints": {
    "ADMIN_GET_stats": {
      "path": "/stats",
      "method": "GET"
    },
    "ADMIN_GET_users": {
      "path": "/users",
      "method": "GET"
    },
    "ADMIN_GET_users_": {
      "path": "/users/:id",
      "method": "GET"
    },
    "ADMIN_POST_users_": {
      "path": "/users/:id/unblock",
      "method": "POST"
    },
    "ADMIN_POST_users_-admin": {
      "path": "/users/:id/remove-admin",
      "method": "POST"
    },
    "ADMIN_GET_transactions": {
      "path": "/transactions",
      "method": "GET"
    },
    "ADMIN_POST_transactions_": {
      "path": "/transactions/:id/reject",
      "method": "POST"
    },
    "ADMIN_GET_webhook-logs": {
      "path": "/webhook-logs",
      "method": "GET"
    },
    "ADMIN_GET_settings": {
      "path": "/settings",
      "method": "GET"
    },
    "ADMIN_POST_manual-deposit": {
      "path": "/manual-deposit",
      "method": "POST"
    },
    "AUTH_POST_login-with-token": {
      "path": "/login-with-token",
      "method": "POST"
    },
    "AUTH_POST_login-with-credentials": {
      "path": "/login-with-credentials",
      "method": "POST"
    },
    "BALANCE_GET_balance_get-balances": {
      "path": "/api/v1/balance/get-balances",
      "method": "GET"
    },
    "BALANCE_POST_balance_update-balance": {
      "path": "/api/v1/balance/update-balance",
      "method": "POST"
    },
    "BALANCE_GET_balance_balance_": {
      "path": "/api/v1/balance/balance/:tokenId",
      "method": "GET"
    },
    "CRASH_POST_crash_start-round": {
      "path": "/api/v1/crash/start-round",
      "method": "POST"
    },
    "CRASH_POST_crash_create-bet": {
      "path": "/api/v1/crash/create-bet",
      "method": "POST"
    },
    "CRASH_POST_crash_cashout-result": {
      "path": "/api/v1/crash/cashout-result",
      "method": "POST"
    },
    "CRASH_GET_crash_history": {
      "path": "/api/v1/crash/history",
      "method": "GET"
    },
    "CRASH_GET_crash_stats": {
      "path": "/api/v1/crash/stats",
      "method": "GET"
    },
    "CRASH_GET_crash_leaderboard": {
      "path": "/api/v1/crash/leaderboard",
      "method": "GET"
    },
    "CRASH_POST_crash_verify-bet": {
      "path": "/api/v1/crash/verify-bet",
      "method": "POST"
    },
    "CRASH_GET_crash_last-crashes": {
      "path": "/api/v1/crash/last-crashes",
      "method": "GET"
    },
    "CRASH_GET_crash_statistics": {
      "path": "/api/v1/crash/statistics",
      "method": "GET"
    },
    "DEPOSIT_POST_create-address": {
      "path": "/create-address",
      "method": "POST"
    },
    "DEPOSIT_GET_status_": {
      "path": "/status/:transactionId",
      "method": "GET"
    },
    "LEADERBOARD_GET_leaderboard": {
      "path": "/api/v1/leaderboard",
      "method": "GET"
    },
    "LEADERBOARD_GET_leaderboard_top3": {
      "path": "/api/v1/leaderboard/top3",
      "method": "GET"
    },
    "MINESWEEPER_GET_minesweeper_difficulties": {
      "path": "/api/v1/minesweeper/difficulties",
      "method": "GET"
    },
    "MINESWEEPER_POST_minesweeper_start": {
      "path": "/api/v1/minesweeper/start",
      "method": "POST"
    },
    "MINESWEEPER_POST_minesweeper_reveal": {
      "path": "/api/v1/minesweeper/reveal",
      "method": "POST"
    },
    "MINESWEEPER_GET_minesweeper_history": {
      "path": "/api/v1/minesweeper/history",
      "method": "GET"
    },
    "MINESWEEPER_POST_minesweeper_cashout": {
      "path": "/api/v1/minesweeper/cashout",
      "method": "POST"
    },
    "MINESWEEPER_GET_minesweeper_balance": {
      "path": "/api/v1/minesweeper/balance",
      "method": "GET"
    },
    "REFERRAL_GET_referral_stats": {
      "path": "/api/v1/referral/stats",
      "method": "GET"
    },
    "REFERRAL_GET_referral_wager-progress": {
      "path": "/api/v1/referral/wager-progress",
      "method": "GET"
    },
    "REFERRAL_POST_referral_link-referrer": {
      "path": "/api/v1/referral/link-referrer",
      "method": "POST"
    },
    "REFERRAL_GET_referral_my-referrals": {
      "path": "/api/v1/referral/my-referrals",
      "method": "GET"
    },
    "REFERRAL_POST_referral_claim-commission": {
      "path": "/api/v1/referral/claim-commission",
      "method": "POST"
    },
    "REFERRAL_POST_admin_referral_set-worker": {
      "path": "/api/v1/admin/referral/set-worker",
      "method": "POST"
    },
    "REFERRAL_POST_admin_referral_remove-worker": {
      "path": "/api/v1/admin/referral/remove-worker",
      "method": "POST"
    },
    "REFERRAL_GET_admin_referral_global-stats": {
      "path": "/api/v1/admin/referral/global-stats",
      "method": "GET"
    },
    "REFERRAL_POST_admin_referral_payout-all": {
      "path": "/api/v1/admin/referral/payout-all",
      "method": "POST"
    },
    "USER_GET_profile": {
      "path": "/profile",
      "method": "GET"
    },
    "WALLET_GET_wallet_balance": {
      "path": "/api/v1/wallet/balance",
      "method": "GET"
    },
    "WALLET_GET_wallet_tokens": {
      "path": "/api/v1/wallet/tokens",
      "method": "GET"
    },
    "WALLET_POST_wallet_deposit_create-address": {
      "path": "/api/v1/wallet/deposit/create-address",
      "method": "POST"
    },
    "WALLET_GET_wallet_deposit_status_": {
      "path": "/api/v1/wallet/deposit/status/:transactionId",
      "method": "GET"
    },
    "WALLET_POST_wallet_webhook_deposit": {
      "path": "/api/v1/wallet/webhook/deposit",
      "method": "POST"
    },
    "WALLET_POST_wallet_deposit": {
      "path": "/api/v1/wallet/deposit",
      "method": "POST"
    },
    "WALLET_POST_wallet_withdraw": {
      "path": "/api/v1/wallet/withdraw",
      "method": "POST"
    },
    "WALLET_GET_wallet_history": {
      "path": "/api/v1/wallet/history",
      "method": "GET"
    }
  }
}